location_name,zone,time_window,avg_flow,avg_speed,avg_occupy,max_flow
VIT-AP Academic Block Road 1,VIT-AP Academic Block,0,2.881666666666667,12.249533248522534,0.0480277777777777,8
VIT-AP Academic Block Road 1,VIT-AP Academic Block,1,2.421666666666667,12.087609229440544,0.040361111111111,6
VIT-AP Academic Block Road 1,VIT-AP Academic Block,2,3.268333333333333,11.184751418171942,0.0544722222222221,7
VIT-AP Academic Block Road 1,VIT-AP Academic Block,3,1.4383333333333332,13.533235224061157,0.0239722222222221,5
VIT-AP Academic Block Road 1,VIT-AP Academic Block,4,3.41,11.388600644702576,0.0568333333333333,9
VIT-AP Academic Block Road 1,VIT-AP Academic Block,5,2.86,12.082629003639664,0.0476666666666666,9
VIT-AP Academic Block Road 1,VIT-AP Academic Block,6,3.47,10.971076041392685,0.0578333333333333,9
VIT-AP Academic Block Road 1,VIT-AP Academic Block,7,2.635,11.388094410017572,0.0439166666666666,10
VIT-AP Academic Block Road 1,VIT-AP Academic Block,8,2.4483333333333333,12.394136183434773,0.0408055555555555,7
VIT-AP Academic Block Road 1,VIT-AP Academic Block,9,3.245,11.356422407661318,0.0540833333333333,8
VIT-AP Academic Block Road 1,VIT-AP Academic Block,10,3.018333333333333,11.666014990414537,0.0503055555555555,12
VIT-AP Academic Block Road 1,VIT-AP Academic Block,11,3.7283333333333335,11.77462827314516,0.0621388888888888,9
VIT-AP Academic Block Road 3,VIT-AP Academic Block,0,3.036666666666666,11.589075574326417,0.050611111111111,11
VIT-AP Academic Block Road 3,VIT-AP Academic Block,1,2.135,12.584089895003803,0.0355833333333332,6
VIT-AP Academic Block Road 3,VIT-AP Academic Block,2,3.1166666666666667,12.069129057065588,0.0519444444444444,8
VIT-AP Academic Block Road 3,VIT-AP Academic Block,3,2.875,11.754184064166951,0.0479166666666666,7
VIT-AP Academic Block Road 3,VIT-AP Academic Block,4,1.8583333333333332,12.423456381203916,0.0309722222222221,6
VIT-AP Academic Block Road 3,VIT-AP Academic Block,5,2.993333333333333,11.73491394994082,0.0498888888888888,8
VIT-AP Academic Block Road 3,VIT-AP Academic Block,6,2.1766666666666667,12.301512651435289,0.0362777777777777,6
VIT-AP Academic Block Road 3,VIT-AP Academic Block,7,2.7183333333333333,12.409636322212986,0.0453055555555555,6
VIT-AP Academic Block Road 3,VIT-AP Academic Block,8,3.2583333333333333,11.57337775823127,0.0543055555555555,8
VIT-AP Academic Block Road 3,VIT-AP Academic Block,9,2.728333333333333,11.68405815247796,0.0454722222222221,6
VIT-AP Academic Block Road 3,VIT-AP Academic Block,10,2.776666666666667,11.594807059560909,0.0462777777777777,6
VIT-AP Academic Block Road 3,VIT-AP Academic Block,11,2.921666666666667,10.292554943791613,0.0486944444444444,5
VIT-AP Academic Block Road 5,VIT-AP Academic Block,0,1.0533333333333332,14.650192139189036,0.0175555555555555,5
VIT-AP Academic Block Road 5,VIT-AP Academic Block,1,2.2983333333333333,14.447452723011326,0.0383055555555555,6
VIT-AP Academic Block Road 5,VIT-AP Academic Block,2,1.8683333333333332,14.419432635992935,0.0311388888888888,6
VIT-AP Academic Block Road 5,VIT-AP Academic Block,3,2.6466666666666665,14.151220246985352,0.044111111111111,9
VIT-AP Academic Block Road 5,VIT-AP Academic Block,4,2.53,14.105644542335527,0.0421666666666666,6
VIT-AP Academic Block Road 5,VIT-AP Academic Block,5,2.388333333333333,14.343114652731552,0.0398055555555555,8
VIT-AP Academic Block Road 5,VIT-AP Academic Block,6,3.045,14.19633738214681,0.0507499999999999,9
VIT-AP Academic Block Road 5,VIT-AP Academic Block,7,3.01,14.134544754348555,0.0501666666666666,10
VIT-AP Academic Block Road 5,VIT-AP Academic Block,8,3.1533333333333333,14.041399762429563,0.0525555555555555,10
VIT-AP Academic Block Road 5,VIT-AP Academic Block,9,2.715,14.166948449526354,0.0452499999999999,7
VIT-AP Academic Block Road 5,VIT-AP Academic Block,10,2.82,13.90229948187238,0.0469999999999999,11
VIT-AP Academic Block Road 5,VIT-AP Academic Block,11,2.9,14.169178039501794,0.0483333333333333,6
VIT-AP Academic Block Road 7,VIT-AP Academic Block,0,1.5316666666666667,14.717425712110224,0.0255277777777777,6
VIT-AP Academic Block Road 7,VIT-AP Academic Block,1,2.31,14.305175212639169,0.0384999999999999,7
VIT-AP Academic Block Road 7,VIT-AP Academic Block,2,2.7416666666666667,14.124660405949667,0.0456944444444444,7
VIT-AP Academic Block Road 7,VIT-AP Academic Block,3,2.225,14.119448825393128,0.0370833333333333,6
VIT-AP Academic Block Road 7,VIT-AP Academic Block,4,3.118333333333333,14.11097258707133,0.0519722222222222,10
VIT-AP Academic Block Road 7,VIT-AP Academic Block,5,2.4466666666666668,14.141564487142263,0.0407777777777777,6
VIT-AP Academic Block Road 7,VIT-AP Academic Block,6,3.1766666666666667,13.994253216105662,0.0529444444444444,9
VIT-AP Academic Block Road 7,VIT-AP Academic Block,7,2.905,14.139312166766103,0.0484166666666666,9
VIT-AP Academic Block Road 7,VIT-AP Academic Block,8,2.6966666666666668,14.072072320765898,0.0449444444444444,9
VIT-AP Academic Block Road 7,VIT-AP Academic Block,9,2.6983333333333333,14.11677499733574,0.0449722222222222,8
VIT-AP Academic Block Road 7,VIT-AP Academic Block,10,2.61,14.09948316838748,0.0434999999999999,7
VIT-AP Academic Block Road 7,VIT-AP Academic Block,11,2.485,14.093100710061975,0.0414166666666666,7
VIT-AP Academic Block Road 9,VIT-AP Academic Block,0,1.8266666666666669,12.785337317078328,0.0304444444444444,6
VIT-AP Academic Block Road 9,VIT-AP Academic Block,1,2.181666666666666,12.84305543937063,0.036361111111111,6
VIT-AP Academic Block Road 9,VIT-AP Academic Block,2,2.263333333333333,12.3135680100684,0.0377222222222221,8
VIT-AP Academic Block Road 9,VIT-AP Academic Block,3,3.13,11.718915087901424,0.0521666666666666,7
VIT-AP Academic Block Road 9,VIT-AP Academic Block,4,2.9566666666666666,11.509826999163222,0.0492777777777777,8
VIT-AP Academic Block Road 9,VIT-AP Academic Block,5,2.393333333333333,12.6575071874393,0.0398888888888888,7
VIT-AP Academic Block Road 9,VIT-AP Academic Block,6,2.458333333333333,12.461127635014227,0.0409722222222221,7
VIT-AP Academic Block Road 9,VIT-AP Academic Block,7,2.355,12.477281948284377,0.0392499999999999,7
VIT-AP Academic Block Road 9,VIT-AP Academic Block,8,3.796666666666667,11.233457940716743,0.0632777777777777,9
VIT-AP Academic Block Road 9,VIT-AP Academic Block,9,2.043333333333333,12.086137851212674,0.0340555555555555,6
VIT-AP Academic Block Road 9,VIT-AP Academic Block,10,2.4516666666666667,11.807895668349133,0.040861111111111,7
VIT-AP Academic Block Road 9,VIT-AP Academic Block,11,3.05,11.392851208345744,0.0508333333333333,8
VIT-AP Main Gate Road 0,VIT-AP Main Gate,0,2.898333333333333,12.46283943584797,0.0483055555555555,9
VIT-AP Main Gate Road 0,VIT-AP Main Gate,1,4.956666666666667,9.798180256102896,0.082611111111111,9
VIT-AP Main Gate Road 0,VIT-AP Main Gate,2,3.5616666666666665,11.039148301458576,0.059361111111111,10
VIT-AP Main Gate Road 0,VIT-AP Main Gate,3,5.163333333333333,9.868008288328028,0.0860555555555555,10
VIT-AP Main Gate Road 0,VIT-AP Main Gate,4,4.516666666666667,10.806343790536976,0.0752777777777777,8
VIT-AP Main Gate Road 0,VIT-AP Main Gate,5,5.386666666666667,9.673390244440355,0.0897777777777777,9
VIT-AP Main Gate Road 0,VIT-AP Main Gate,6,5.526666666666666,9.894666179773951,0.092111111111111,8
VIT-AP Main Gate Road 0,VIT-AP Main Gate,7,5.535,9.460866658425736,0.0922499999999999,15
VIT-AP Main Gate Road 0,VIT-AP Main Gate,8,5.6,9.685953467539935,0.0933333333333333,9
VIT-AP Main Gate Road 0,VIT-AP Main Gate,9,4.196666666666666,11.167206172952932,0.0699444444444444,8
VIT-AP Main Gate Road 0,VIT-AP Main Gate,10,4.136666666666667,10.985117447620649,0.0689444444444444,11
VIT-AP Main Gate Road 0,VIT-AP Main Gate,11,5.4783333333333335,10.011545057132135,0.0913055555555555,10
VIT-AP Main Gate Road 2,VIT-AP Main Gate,0,2.806666666666666,12.54925866817215,0.0467777777777777,10
VIT-AP Main Gate Road 2,VIT-AP Main Gate,1,6.48,8.961436193266348,0.1079999999999999,13
VIT-AP Main Gate Road 2,VIT-AP Main Gate,2,3.8733333333333335,10.436913707763903,0.0645555555555555,9
VIT-AP Main Gate Road 2,VIT-AP Main Gate,3,3.9366666666666665,10.991393103331736,0.065611111111111,9
VIT-AP Main Gate Road 2,VIT-AP Main Gate,4,3.705,11.732850428457311,0.0617499999999999,8
VIT-AP Main Gate Road 2,VIT-AP Main Gate,5,4.73,9.641892458699374,0.0788333333333333,9
VIT-AP Main Gate Road 2,VIT-AP Main Gate,6,4.93,10.503165198978737,0.0821666666666666,10
VIT-AP Main Gate Road 2,VIT-AP Main Gate,7,4.683333333333334,10.575904936684603,0.0780555555555555,10
VIT-AP Main Gate Road 2,VIT-AP Main Gate,8,3.536666666666666,10.95325223661158,0.0589444444444444,6
VIT-AP Main Gate Road 2,VIT-AP Main Gate,9,5.431666666666667,10.661497476405776,0.0905277777777777,11
VIT-AP Main Gate Road 2,VIT-AP Main Gate,10,6.691666666666666,9.349279038933858,0.1115277777777777,13
VIT-AP Main Gate Road 2,VIT-AP Main Gate,11,5.276666666666666,9.058268492686883,0.0879444444444444,10
VIT-AP Main Gate Road 4,VIT-AP Main Gate,0,1.8733333333333333,12.88198702829796,0.0312222222222222,9
VIT-AP Main Gate Road 4,VIT-AP Main Gate,1,2.8766666666666665,11.62501620980838,0.0479444444444444,8
VIT-AP Main Gate Road 4,VIT-AP Main Gate,2,3.421666666666667,9.303597515445444,0.0570277777777777,9
VIT-AP Main Gate Road 4,VIT-AP Main Gate,3,2.805,11.609663253818878,0.0467499999999999,6
VIT-AP Main Gate Road 4,VIT-AP Main Gate,4,2.9683333333333333,10.38001547781156,0.0494722222222221,7
VIT-AP Main Gate Road 4,VIT-AP Main Gate,5,2.855,10.642986814003772,0.0475833333333333,7
VIT-AP Main Gate Road 4,VIT-AP Main Gate,6,1.7166666666666666,12.81536630154211,0.028611111111111,5
VIT-AP Main Gate Road 4,VIT-AP Main Gate,7,2.8183333333333334,10.976859549556098,0.0469722222222221,8
VIT-AP Main Gate Road 4,VIT-AP Main Gate,8,2.9433333333333334,10.52190438322517,0.0490555555555555,8
VIT-AP Main Gate Road 4,VIT-AP Main Gate,9,3.455,10.675980959925443,0.0575833333333332,10
VIT-AP Main Gate Road 4,VIT-AP Main Gate,10,2.75,11.64927888737575,0.0458333333333332,9
VIT-AP Main Gate Road 4,VIT-AP Main Gate,11,3.06,10.206053281551055,0.0509999999999999,9
VIT-AP Main Gate Road 6,VIT-AP Main Gate,0,3.0716666666666668,11.347992778359258,0.0511944444444444,7
VIT-AP Main Gate Road 6,VIT-AP Main Gate,1,2.493333333333333,11.70556724746796,0.0415555555555555,6
VIT-AP Main Gate Road 6,VIT-AP Main Gate,2,3.6216666666666666,10.670641117716468,0.060361111111111,8
VIT-AP Main Gate Road 6,VIT-AP Main Gate,3,2.466666666666667,11.901585886884456,0.041111111111111,8
VIT-AP Main Gate Road 6,VIT-AP Main Gate,4,3.1083333333333334,11.135372093807211,0.0518055555555555,12
VIT-AP Main Gate Road 6,VIT-AP Main Gate,5,2.9883333333333333,10.70337440021076,0.0498055555555555,8
VIT-AP Main Gate Road 6,VIT-AP Main Gate,6,2.6083333333333334,10.993410082016036,0.0434722222222222,6
VIT-AP Main Gate Road 6,VIT-AP Main Gate,7,2.148333333333333,11.97465927678052,0.0358055555555555,6
VIT-AP Main Gate Road 6,VIT-AP Main Gate,8,3.37,11.195924389636746,0.0561666666666666,14
VIT-AP Main Gate Road 6,VIT-AP Main Gate,9,1.905,12.919198522167628,0.0317499999999999,12
VIT-AP Main Gate Road 6,VIT-AP Main Gate,10,1.6483333333333334,12.65765041540617,0.0274722222222221,6
VIT-AP Main Gate Road 6,VIT-AP Main Gate,11,2.6083333333333334,11.453258359905536,0.0434722222222221,7
VIT-AP Main Gate Road 8,VIT-AP Main Gate,0,2.2383333333333333,13.008059573590325,0.0373055555555555,6
VIT-AP Main Gate Road 8,VIT-AP Main Gate,1,3.5616666666666665,11.472813871642227,0.059361111111111,7
VIT-AP Main Gate Road 8,VIT-AP Main Gate,2,4.493333333333333,9.695380311699983,0.0748888888888888,9
VIT-AP Main Gate Road 8,VIT-AP Main Gate,3,4.641666666666667,11.01668585103833,0.077361111111111,10
VIT-AP Main Gate Road 8,VIT-AP Main Gate,4,4.171666666666667,11.818656608118712,0.0695277777777777,9
VIT-AP Main Gate Road 8,VIT-AP Main Gate,5,5.265,9.6852991744011,0.0877499999999999,8
VIT-AP Main Gate Road 8,VIT-AP Main Gate,6,3.12,11.083995394282198,0.0519999999999999,7
VIT-AP Main Gate Road 8,VIT-AP Main Gate,7,4.785,10.36066785204569,0.0797499999999999,10
VIT-AP Main Gate Road 8,VIT-AP Main Gate,8,5.233333333333333,9.289097006914751,0.0872222222222221,11
VIT-AP Main Gate Road 8,VIT-AP Main Gate,9,5.08,11.068364171397176,0.0846666666666666,10
VIT-AP Main Gate Road 8,VIT-AP Main Gate,10,5.11,10.828755973188745,0.0851666666666666,10
VIT-AP Main Gate Road 8,VIT-AP Main Gate,11,5.681666666666667,9.690952074915424,0.0946944444444444,16
VIT-AP Hostel Zone Road 0,VIT-AP Hostel Zone,0,2.345,12.425562708573343,0.0390833333333333,8
VIT-AP Hostel Zone Road 0,VIT-AP Hostel Zone,1,2.07,12.283947721105736,0.0344999999999999,6
VIT-AP Hostel Zone Road 0,VIT-AP Hostel Zone,2,3.075,10.80397923539942,0.0512499999999999,7
VIT-AP Hostel Zone Road 0,VIT-AP Hostel Zone,3,2.0933333333333333,11.816773898955256,0.0348888888888888,7
VIT-AP Hostel Zone Road 0,VIT-AP Hostel Zone,4,3.148333333333333,10.723497792297724,0.0524722222222221,8
VIT-AP Hostel Zone Road 0,VIT-AP Hostel Zone,5,3.215,10.520050361061532,0.0535833333333332,8
VIT-AP Hostel Zone Road 0,VIT-AP Hostel Zone,6,3.165,10.321964344450604,0.0527499999999999,9
VIT-AP Hostel Zone Road 0,VIT-AP Hostel Zone,7,2.305,12.226234156027768,0.0384166666666666,10
VIT-AP Hostel Zone Road 0,VIT-AP Hostel Zone,8,2.825,10.507191624230556,0.0470833333333332,6
VIT-AP Hostel Zone Road 0,VIT-AP Hostel Zone,9,3.14,11.259462300183367,0.0523333333333333,7
VIT-AP Hostel Zone Road 0,VIT-AP Hostel Zone,10,2.535,11.353370800606468,0.0422499999999999,10
VIT-AP Hostel Zone Road 0,VIT-AP Hostel Zone,11,4.788333333333333,9.09806762122832,0.0798055555555555,12
VIT-AP Hostel Zone Road 2,VIT-AP Hostel Zone,0,2.5966666666666667,12.032525485555864,0.0432777777777777,11
VIT-AP Hostel Zone Road 2,VIT-AP Hostel Zone,1,1.9533333333333331,12.68527381758221,0.0325555555555555,6
VIT-AP Hostel Zone Road 2,VIT-AP Hostel Zone,2,3.325,9.744844588664362,0.0554166666666666,8
VIT-AP Hostel Zone Road 2,VIT-AP Hostel Zone,3,2.756666666666667,11.849298782441322,0.0459444444444444,7
VIT-AP Hostel Zone Road 2,VIT-AP Hostel Zone,4,1.8016666666666667,12.857995805857277,0.0300277777777777,6
VIT-AP Hostel Zone Road 2,VIT-AP Hostel Zone,5,2.611666666666667,10.500123241454029,0.0435277777777777,7
VIT-AP Hostel Zone Road 2,VIT-AP Hostel Zone,6,2.6466666666666665,11.475685877457767,0.044111111111111,8
VIT-AP Hostel Zone Road 2,VIT-AP Hostel Zone,7,2.5733333333333333,11.547728566677495,0.0428888888888888,6
VIT-AP Hostel Zone Road 2,VIT-AP Hostel Zone,8,3.268333333333333,10.11726300607052,0.0544722222222221,8
VIT-AP Hostel Zone Road 2,VIT-AP Hostel Zone,9,3.1366666666666667,10.192657668035732,0.0522777777777777,7
VIT-AP Hostel Zone Road 2,VIT-AP Hostel Zone,10,2.7266666666666666,10.776340258138916,0.0454444444444444,6
VIT-AP Hostel Zone Road 2,VIT-AP Hostel Zone,11,2.53,10.729013075234164,0.0421666666666666,5
VIT-AP Hostel Zone Road 4,VIT-AP Hostel Zone,0,1.83,13.02443464052694,0.0304999999999999,7
VIT-AP Hostel Zone Road 4,VIT-AP Hostel Zone,1,3.296666666666667,11.471460836227768,0.0549444444444444,6
VIT-AP Hostel Zone Road 4,VIT-AP Hostel Zone,2,2.868333333333333,11.690317601613716,0.0478055555555555,8
VIT-AP Hostel Zone Road 4,VIT-AP Hostel Zone,3,3.825,10.83824237266174,0.0637499999999999,8
VIT-AP Hostel Zone Road 4,VIT-AP Hostel Zone,4,3.273333333333333,10.72634732778503,0.0545555555555555,6
VIT-AP Hostel Zone Road 4,VIT-AP Hostel Zone,5,3.645,11.659926239611588,0.0607499999999999,8
VIT-AP Hostel Zone Road 4,VIT-AP Hostel Zone,6,4.461666666666667,11.020854544837505,0.074361111111111,9
VIT-AP Hostel Zone Road 4,VIT-AP Hostel Zone,7,4.3116666666666665,10.385832968120754,0.071861111111111,8
VIT-AP Hostel Zone Road 4,VIT-AP Hostel Zone,8,4.301666666666667,10.456383833655872,0.0716944444444444,9
VIT-AP Hostel Zone Road 4,VIT-AP Hostel Zone,9,3.965,10.7448094745344,0.0660833333333333,7
VIT-AP Hostel Zone Road 4,VIT-AP Hostel Zone,10,4.236666666666666,9.98278578764693,0.070611111111111,10
VIT-AP Hostel Zone Road 4,VIT-AP Hostel Zone,11,4.736666666666666,9.85974947466832,0.0789444444444444,8
VIT-AP Hostel Zone Road 6,VIT-AP Hostel Zone,0,2.5616666666666665,13.00254117809142,0.0426944444444444,7
VIT-AP Hostel Zone Road 6,VIT-AP Hostel Zone,1,3.225,11.14498162052406,0.0537499999999999,6
VIT-AP Hostel Zone Road 6,VIT-AP Hostel Zone,2,3.285,11.528562790428609,0.0547499999999999,7
VIT-AP Hostel Zone Road 6,VIT-AP Hostel Zone,3,3.713333333333333,10.622921835892146,0.0618888888888888,8
VIT-AP Hostel Zone Road 6,VIT-AP Hostel Zone,4,4.746666666666667,9.98165168057773,0.079111111111111,10
VIT-AP Hostel Zone Road 6,VIT-AP Hostel Zone,5,3.661666666666666,10.34924103857126,0.0610277777777777,6
VIT-AP Hostel Zone Road 6,VIT-AP Hostel Zone,6,4.75,10.412615709776649,0.0791666666666666,9
VIT-AP Hostel Zone Road 6,VIT-AP Hostel Zone,7,3.895,11.136865434073288,0.0649166666666666,9
VIT-AP Hostel Zone Road 6,VIT-AP Hostel Zone,8,3.6966666666666663,10.83408117641284,0.061611111111111,9
VIT-AP Hostel Zone Road 6,VIT-AP Hostel Zone,9,4.395,10.052347297309913,0.0732499999999999,7
VIT-AP Hostel Zone Road 6,VIT-AP Hostel Zone,10,3.7816666666666663,10.687906191573022,0.0630277777777777,7
VIT-AP Hostel Zone Road 6,VIT-AP Hostel Zone,11,3.335,11.110818082847771,0.0555833333333333,7
VIT-AP Hostel Zone Road 8,VIT-AP Hostel Zone,0,1.3833333333333333,13.295020546945166,0.0230555555555555,5
VIT-AP Hostel Zone Road 8,VIT-AP Hostel Zone,1,2.3583333333333334,12.155210839373812,0.0393055555555555,6
VIT-AP Hostel Zone Road 8,VIT-AP Hostel Zone,2,2.236666666666667,11.331398117230666,0.0372777777777777,6
VIT-AP Hostel Zone Road 8,VIT-AP Hostel Zone,3,3.435,10.356150270103372,0.0572499999999999,7
VIT-AP Hostel Zone Road 8,VIT-AP Hostel Zone,4,2.953333333333333,10.954067242033885,0.0492222222222221,7
VIT-AP Hostel Zone Road 8,VIT-AP Hostel Zone,5,2.5716666666666668,10.90225741747829,0.042861111111111,7
VIT-AP Hostel Zone Road 8,VIT-AP Hostel Zone,6,2.398333333333333,12.342169083032797,0.0399722222222221,7
VIT-AP Hostel Zone Road 8,VIT-AP Hostel Zone,7,2.535,11.4669409969264,0.0422499999999999,7
VIT-AP Hostel Zone Road 8,VIT-AP Hostel Zone,8,3.2183333333333333,10.203886111664293,0.0536388888888888,9
VIT-AP Hostel Zone Road 8,VIT-AP Hostel Zone,9,2.6366666666666667,11.45255438433305,0.0439444444444444,9
VIT-AP Hostel Zone Road 8,VIT-AP Hostel Zone,10,2.111666666666667,12.407157049445685,0.0351944444444444,7
VIT-AP Hostel Zone Road 8,VIT-AP Hostel Zone,11,2.7266666666666666,10.245935668016385,0.0454444444444444,7
VIT-AP Library Road 1,VIT-AP Library,0,4.505,11.302364584527934,0.0750833333333333,13
VIT-AP Library Road 1,VIT-AP Library,1,6.121666666666667,8.420369243358824,0.1020277777777777,14
VIT-AP Library Road 1,VIT-AP Library,2,4.513333333333334,8.980140924632723,0.0752222222222222,11
VIT-AP Library Road 1,VIT-AP Library,3,3.546666666666667,11.002009659971446,0.059111111111111,12
VIT-AP Library Road 1,VIT-AP Library,4,4.383333333333334,10.21815498107108,0.0730555555555555,12
VIT-AP Library Road 1,VIT-AP Library,5,4.648333333333333,8.71477748598291,0.0774722222222221,9
VIT-AP Library Road 1,VIT-AP Library,6,5.6066666666666665,9.711538585763847,0.0934444444444444,14
VIT-AP Library Road 1,VIT-AP Library,7,4.656666666666666,9.370909132019378,0.077611111111111,12
VIT-AP Library Road 1,VIT-AP Library,8,3.648333333333333,9.984036369589752,0.0608055555555555,7
VIT-AP Library Road 1,VIT-AP Library,9,7.171666666666667,8.868373260497883,0.1195277777777777,16
VIT-AP Library Road 1,VIT-AP Library,10,6.105,9.498100639718546,0.1017499999999999,13
VIT-AP Library Road 1,VIT-AP Library,11,5.278333333333333,8.383140724004146,0.0879722222222221,11
VIT-AP Library Road 3,VIT-AP Library,0,1.481666666666667,13.465952875314834,0.0246944444444444,5
VIT-AP Library Road 3,VIT-AP Library,1,3.066666666666667,11.5459377729831,0.051111111111111,7
VIT-AP Library Road 3,VIT-AP Library,2,2.8833333333333333,11.050797598979964,0.0480555555555555,6
VIT-AP Library Road 3,VIT-AP Library,3,2.65,11.899780190347,0.0441666666666666,5
VIT-AP Library Road 3,VIT-AP Library,4,2.6633333333333336,11.306386807155883,0.0443888888888888,6
VIT-AP Library Road 3,VIT-AP Library,5,2.52,12.09959821753834,0.0419999999999999,6
VIT-AP Library Road 3,VIT-AP Library,6,2.0616666666666665,12.748606273594818,0.034361111111111,5
VIT-AP Library Road 3,VIT-AP Library,7,2.205,12.263074970426583,0.0367499999999999,6
VIT-AP Library Road 3,VIT-AP Library,8,2.39,11.304788424847011,0.0398333333333333,5
VIT-AP Library Road 3,VIT-AP Library,9,3.19,11.504563872407536,0.0531666666666666,7
VIT-AP Library Road 3,VIT-AP Library,10,3.34,11.209212201592257,0.0556666666666666,7
VIT-AP Library Road 3,VIT-AP Library,11,2.776666666666667,11.599277305351654,0.0462777777777777,7
VIT-AP Library Road 5,VIT-AP Library,0,2.3583333333333334,12.624781797453224,0.0393055555555555,8
VIT-AP Library Road 5,VIT-AP Library,1,2.7,11.059873314968666,0.0449999999999999,6
VIT-AP Library Road 5,VIT-AP Library,2,3.2266666666666666,11.718172240707805,0.0537777777777777,7
VIT-AP Library Road 5,VIT-AP Library,3,2.151666666666667,12.712357550650347,0.035861111111111,5
VIT-AP Library Road 5,VIT-AP Library,4,2.7416666666666667,12.432613410733186,0.0456944444444444,8
VIT-AP Library Road 5,VIT-AP Library,5,3.1866666666666665,11.159100965368776,0.053111111111111,7
VIT-AP Library Road 5,VIT-AP Library,6,2.7,11.81131084938994,0.0449999999999999,6
VIT-AP Library Road 5,VIT-AP Library,7,1.73,12.644606867601494,0.0288333333333332,4
VIT-AP Library Road 5,VIT-AP Library,8,2.5616666666666665,11.999280562250847,0.0426944444444444,6
VIT-AP Library Road 5,VIT-AP Library,9,2.9616666666666664,11.560103396996196,0.049361111111111,12
VIT-AP Library Road 5,VIT-AP Library,10,1.2983333333333331,13.557913036080407,0.0216388888888888,3
VIT-AP Library Road 5,VIT-AP Library,11,2.2,12.694257617633546,0.0366666666666666,6
VIT-AP Library Road 7,VIT-AP Library,0,3.158333333333333,11.94837003537526,0.0526388888888888,10
VIT-AP Library Road 7,VIT-AP Library,1,3.63,10.358205265056338,0.0604999999999999,9
VIT-AP Library Road 7,VIT-AP Library,2,4.863333333333333,8.537266823180005,0.0810555555555555,10
VIT-AP Library Road 7,VIT-AP Library,3,5.536666666666667,9.280550883899569,0.0922777777777777,12
VIT-AP Library Road 7,VIT-AP Library,4,4.338333333333333,10.558378898017796,0.0723055555555555,13
VIT-AP Library Road 7,VIT-AP Library,5,5.173333333333333,8.483136930546953,0.0862222222222222,12
VIT-AP Library Road 7,VIT-AP Library,6,3.5733333333333333,9.633856592068636,0.0595555555555555,8
VIT-AP Library Road 7,VIT-AP Library,7,5.448333333333333,8.920787435207576,0.0908055555555555,11
VIT-AP Library Road 7,VIT-AP Library,8,4.336666666666667,9.236353613270998,0.0722777777777777,10
VIT-AP Library Road 7,VIT-AP Library,9,5.661666666666667,9.836414932308834,0.094361111111111,12
VIT-AP Library Road 7,VIT-AP Library,10,5.468333333333334,9.529581285406518,0.0911388888888888,13
VIT-AP Library Road 7,VIT-AP Library,11,5.595,9.028336911914568,0.0932499999999999,12
VIT-AP Library Road 9,VIT-AP Library,0,4.238333333333333,11.054936204934023,0.0706388888888888,12
VIT-AP Library Road 9,VIT-AP Library,1,5.166666666666667,8.697817175359127,0.086111111111111,12
VIT-AP Library Road 9,VIT-AP Library,2,4.673333333333333,10.625034112802688,0.0778888888888888,14
VIT-AP Library Road 9,VIT-AP Library,3,4.04,10.195108664259108,0.0673333333333333,10
VIT-AP Library Road 9,VIT-AP Library,4,5.951666666666667,9.174229828046697,0.0991944444444444,11
VIT-AP Library Road 9,VIT-AP Library,5,5.8966666666666665,8.919773739779009,0.0982777777777777,11
VIT-AP Library Road 9,VIT-AP Library,6,5.236666666666666,9.188475187748256,0.0872777777777777,11
VIT-AP Library Road 9,VIT-AP Library,7,5.79,8.838587722790322,0.0964999999999999,13
VIT-AP Library Road 9,VIT-AP Library,8,5.053333333333334,8.815994668036353,0.0842222222222221,10
VIT-AP Library Road 9,VIT-AP Library,9,4.78,10.05441730768386,0.0796666666666666,11
VIT-AP Library Road 9,VIT-AP Library,10,3.943333333333333,10.01687668860712,0.0657222222222221,11
VIT-AP Library Road 9,VIT-AP Library,11,6.463333333333333,8.439686008916976,0.1077222222222221,15
VIT-AP Admin Block Road 0,VIT-AP Admin Block,0,6.418333333333333,10.07939614835667,0.1069722222222221,14
VIT-AP Admin Block Road 0,VIT-AP Admin Block,1,4.191666666666666,11.354120495216875,0.069861111111111,11
VIT-AP Admin Block Road 0,VIT-AP Admin Block,2,4.568333333333333,10.990012616310509,0.0761388888888888,12
VIT-AP Admin Block Road 0,VIT-AP Admin Block,3,3.7683333333333335,11.37001386864783,0.0628055555555555,12
VIT-AP Admin Block Road 0,VIT-AP Admin Block,4,4.136666666666667,11.54080867809427,0.0689444444444444,10
VIT-AP Admin Block Road 0,VIT-AP Admin Block,5,4.76,10.313771990263977,0.0793333333333333,11
VIT-AP Admin Block Road 0,VIT-AP Admin Block,6,5.685,10.454063387702774,0.0947499999999999,14
VIT-AP Admin Block Road 0,VIT-AP Admin Block,7,3.4,12.075094458217206,0.0566666666666666,12
VIT-AP Admin Block Road 0,VIT-AP Admin Block,8,4.421666666666667,11.163445479590704,0.0736944444444444,12
VIT-AP Admin Block Road 0,VIT-AP Admin Block,9,6.338333333333333,10.87018996455127,0.1056388888888888,17
VIT-AP Admin Block Road 0,VIT-AP Admin Block,10,5.031666666666666,11.353132247235278,0.083861111111111,13
VIT-AP Admin Block Road 0,VIT-AP Admin Block,11,4.585,10.937676182251376,0.0764166666666666,11
VIT-AP Admin Block Road 2,VIT-AP Admin Block,0,0.7666666666666667,14.771251911498384,0.0127777777777777,5
VIT-AP Admin Block Road 2,VIT-AP Admin Block,1,2.095,14.330375420787924,0.0349166666666666,7
VIT-AP Admin Block Road 2,VIT-AP Admin Block,2,1.8416666666666663,14.333234469311178,0.0306944444444444,6
VIT-AP Admin Block Road 2,VIT-AP Admin Block,3,2.175,14.156885461182243,0.0362499999999999,5
VIT-AP Admin Block Road 2,VIT-AP Admin Block,4,1.788333333333333,14.310588142085502,0.0298055555555555,5
VIT-AP Admin Block Road 2,VIT-AP Admin Block,5,1.9883333333333333,14.323095063757624,0.0331388888888888,6
VIT-AP Admin Block Road 2,VIT-AP Admin Block,6,1.535,14.497421778475196,0.0255833333333333,4
VIT-AP Admin Block Road 2,VIT-AP Admin Block,7,1.5483333333333331,14.476838066117596,0.0258055555555555,5
VIT-AP Admin Block Road 2,VIT-AP Admin Block,8,1.78,14.298109305281637,0.0296666666666666,6
VIT-AP Admin Block Road 2,VIT-AP Admin Block,9,2.151666666666667,14.207853772592314,0.035861111111111,6
VIT-AP Admin Block Road 2,VIT-AP Admin Block,10,2.388333333333333,14.193024468598566,0.0398055555555555,7
VIT-AP Admin Block Road 2,VIT-AP Admin Block,11,2.0416666666666665,14.227253412329976,0.0340277777777777,5
VIT-AP Admin Block Road 4,VIT-AP Admin Block,0,1.3516666666666666,14.576090412228956,0.0225277777777777,8
VIT-AP Admin Block Road 4,VIT-AP Admin Block,1,1.94,14.275292450982867,0.0323333333333333,5
VIT-AP Admin Block Road 4,VIT-AP Admin Block,2,2.216666666666667,14.472996206375669,0.0369444444444444,6
VIT-AP Admin Block Road 4,VIT-AP Admin Block,3,1.7533333333333334,14.418176870857788,0.0292222222222222,5
VIT-AP Admin Block Road 4,VIT-AP Admin Block,4,1.7916666666666667,14.418897387930226,0.029861111111111,8
VIT-AP Admin Block Road 4,VIT-AP Admin Block,5,2.6216666666666666,14.110016049919484,0.0436944444444444,8
VIT-AP Admin Block Road 4,VIT-AP Admin Block,6,1.8016666666666667,14.288260181837968,0.0300277777777777,6
VIT-AP Admin Block Road 4,VIT-AP Admin Block,7,1.4,14.512939894369538,0.0233333333333333,4
VIT-AP Admin Block Road 4,VIT-AP Admin Block,8,1.5316666666666667,14.490058852736324,0.0255277777777777,4
VIT-AP Admin Block Road 4,VIT-AP Admin Block,9,2.191666666666667,14.199758127895574,0.0365277777777777,11
VIT-AP Admin Block Road 4,VIT-AP Admin Block,10,0.9716666666666668,14.64899083143976,0.0161944444444444,3
VIT-AP Admin Block Road 4,VIT-AP Admin Block,11,1.525,14.534618043949935,0.0254166666666666,6
VIT-AP Admin Block Road 6,VIT-AP Admin Block,0,3.7516666666666665,11.44234439260285,0.0625277777777777,10
VIT-AP Admin Block Road 6,VIT-AP Admin Block,1,3.57,11.8096578340697,0.0594999999999999,9
VIT-AP Admin Block Road 6,VIT-AP Admin Block,2,4.725,10.906238696305191,0.0787499999999999,10
VIT-AP Admin Block Road 6,VIT-AP Admin Block,3,5.446666666666666,11.504067933004464,0.0907777777777777,15
VIT-AP Admin Block Road 6,VIT-AP Admin Block,4,4.171666666666667,11.1558748157322,0.0695277777777777,9
VIT-AP Admin Block Road 6,VIT-AP Admin Block,5,4.923333333333333,10.631233056100708,0.0820555555555555,12
VIT-AP Admin Block Road 6,VIT-AP Admin Block,6,3.2216666666666667,11.648277013030183,0.0536944444444444,8
VIT-AP Admin Block Road 6,VIT-AP Admin Block,7,5.83,10.52840448291068,0.0971666666666666,12
VIT-AP Admin Block Road 6,VIT-AP Admin Block,8,3.953333333333333,11.223515896187685,0.0658888888888888,11
VIT-AP Admin Block Road 6,VIT-AP Admin Block,9,5.5616666666666665,10.646771144032614,0.0926944444444444,12
VIT-AP Admin Block Road 6,VIT-AP Admin Block,10,5.466666666666667,10.56186353349825,0.091111111111111,13
VIT-AP Admin Block Road 6,VIT-AP Admin Block,11,5.61,10.42772427877915,0.0934999999999999,12
VIT-AP Admin Block Road 8,VIT-AP Admin Block,0,4.541666666666667,11.934068091420276,0.0756944444444444,12
VIT-AP Admin Block Road 8,VIT-AP Admin Block,1,4.201666666666667,11.356197966007969,0.0700277777777777,13
VIT-AP Admin Block Road 8,VIT-AP Admin Block,2,4.503333333333333,11.02086170368563,0.0750555555555555,14
VIT-AP Admin Block Road 8,VIT-AP Admin Block,3,4.1033333333333335,11.880045075878172,0.0683888888888888,10
VIT-AP Admin Block Road 8,VIT-AP Admin Block,4,5.68,10.575048203054823,0.0946666666666666,12
VIT-AP Admin Block Road 8,VIT-AP Admin Block,5,5.5183333333333335,10.253107045149283,0.0919722222222221,11
VIT-AP Admin Block Road 8,VIT-AP Admin Block,6,4.718333333333334,10.989253780919276,0.0786388888888888,11
VIT-AP Admin Block Road 8,VIT-AP Admin Block,7,5.618333333333333,10.568310778187668,0.0936388888888888,13
VIT-AP Admin Block Road 8,VIT-AP Admin Block,8,4.386666666666667,10.810726447256949,0.073111111111111,10
VIT-AP Admin Block Road 8,VIT-AP Admin Block,9,5.385,10.746630481278231,0.0897499999999999,11
VIT-AP Admin Block Road 8,VIT-AP Admin Block,10,4.175,11.459112119671651,0.0695833333333333,13
VIT-AP Admin Block Road 8,VIT-AP Admin Block,11,5.5633333333333335,10.8850222997721,0.0927222222222221,15
Amaravati Secretariat Road 0,Amaravati Secretariat,0,1.1166666666666667,14.65277418384128,0.0186111111111111,7
Amaravati Secretariat Road 0,Amaravati Secretariat,1,1.8533333333333333,14.318256363030423,0.0308888888888888,7
Amaravati Secretariat Road 0,Amaravati Secretariat,2,1.836666666666667,14.293303600008535,0.030611111111111,7
Amaravati Secretariat Road 0,Amaravati Secretariat,3,2.216666666666667,14.17905962452094,0.0369444444444444,8
Amaravati Secretariat Road 0,Amaravati Secretariat,4,1.3716666666666666,14.55037030842843,0.022861111111111,6
Amaravati Secretariat Road 0,Amaravati Secretariat,5,1.5483333333333331,14.463690244028063,0.0258055555555555,5
Amaravati Secretariat Road 0,Amaravati Secretariat,6,2.1733333333333333,14.354039179689204,0.0362222222222221,5
Amaravati Secretariat Road 0,Amaravati Secretariat,7,1.5683333333333334,14.467339492280356,0.0261388888888888,4
Amaravati Secretariat Road 0,Amaravati Secretariat,8,1.9983333333333333,14.341752327172008,0.0333055555555555,7
Amaravati Secretariat Road 0,Amaravati Secretariat,9,2.27,14.220698495513968,0.0378333333333333,7
Amaravati Secretariat Road 0,Amaravati Secretariat,10,1.8533333333333333,14.311495965886504,0.0308888888888888,5
Amaravati Secretariat Road 0,Amaravati Secretariat,11,1.5433333333333332,14.49096728813366,0.0257222222222222,6
Amaravati Secretariat Road 2,Amaravati Secretariat,0,3.65,11.040701647344768,0.0608333333333333,8
Amaravati Secretariat Road 2,Amaravati Secretariat,1,3.0816666666666666,11.272574372634226,0.051361111111111,7
Amaravati Secretariat Road 2,Amaravati Secretariat,2,4.181666666666667,10.6461136825224,0.0696944444444444,11
Amaravati Secretariat Road 2,Amaravati Secretariat,3,3.563333333333333,11.204556847437225,0.0593888888888888,7
Amaravati Secretariat Road 2,Amaravati Secretariat,4,2.83,11.509561132451932,0.0471666666666666,6
Amaravati Secretariat Road 2,Amaravati Secretariat,5,4.178333333333334,11.12799961872294,0.0696388888888888,14
Amaravati Secretariat Road 2,Amaravati Secretariat,6,4.613333333333333,11.049314772346998,0.0768888888888888,12
Amaravati Secretariat Road 2,Amaravati Secretariat,7,4.8966666666666665,10.232981023840654,0.081611111111111,10
Amaravati Secretariat Road 2,Amaravati Secretariat,8,4.373333333333333,11.186682625561406,0.0728888888888888,8
Amaravati Secretariat Road 2,Amaravati Secretariat,9,4.098333333333334,11.149710186787331,0.0683055555555555,10
Amaravati Secretariat Road 2,Amaravati Secretariat,10,3.6016666666666666,11.54328396485309,0.0600277777777777,9
Amaravati Secretariat Road 2,Amaravati Secretariat,11,4.38,10.392788128413862,0.0729999999999999,11
Amaravati Secretariat Road 4,Amaravati Secretariat,0,3.8933333333333335,11.73551554534684,0.0648888888888888,12
Amaravati Secretariat Road 4,Amaravati Secretariat,1,3.61,11.311135950844417,0.0601666666666666,8
Amaravati Secretariat Road 4,Amaravati Secretariat,2,3.36,11.641002464345824,0.0559999999999999,10
Amaravati Secretariat Road 4,Amaravati Secretariat,3,4.663333333333333,10.738584492165415,0.0777222222222221,12
Amaravati Secretariat Road 4,Amaravati Secretariat,4,3.7316666666666665,11.53123523717102,0.0621944444444444,9
Amaravati Secretariat Road 4,Amaravati Secretariat,5,4.06,11.48827889203052,0.0676666666666666,10
Amaravati Secretariat Road 4,Amaravati Secretariat,6,4.033333333333333,10.9439236832533,0.0672222222222222,11
Amaravati Secretariat Road 4,Amaravati Secretariat,7,3.7416666666666663,11.743324881636635,0.062361111111111,9
Amaravati Secretariat Road 4,Amaravati Secretariat,8,4.283333333333333,11.486522691050729,0.0713888888888888,11
Amaravati Secretariat Road 4,Amaravati Secretariat,9,3.4066666666666667,11.091640635929124,0.0567777777777777,9
Amaravati Secretariat Road 4,Amaravati Secretariat,10,3.7666666666666666,11.452856569585006,0.0627777777777777,8
Amaravati Secretariat Road 4,Amaravati Secretariat,11,4.49,10.961547725648904,0.0748333333333333,11
Amaravati Secretariat Road 6,Amaravati Secretariat,0,0.6183333333333333,14.833520870576542,0.0103055555555555,4
Amaravati Secretariat Road 6,Amaravati Secretariat,1,1.74,14.406122050674735,0.0289999999999999,8
Amaravati Secretariat Road 6,Amaravati Secretariat,2,1.2583333333333333,14.555542036508944,0.0209722222222221,4
Amaravati Secretariat Road 6,Amaravati Secretariat,3,2.3633333333333333,14.127275799957294,0.0393888888888888,10
Amaravati Secretariat Road 6,Amaravati Secretariat,4,1.6166666666666667,14.392955876605408,0.0269444444444444,5
Amaravati Secretariat Road 6,Amaravati Secretariat,5,1.8783333333333332,14.461007852080511,0.0313055555555555,6
Amaravati Secretariat Road 6,Amaravati Secretariat,6,1.8133333333333328,14.454111097588084,0.0302222222222221,6
Amaravati Secretariat Road 6,Amaravati Secretariat,7,1.7866666666666666,14.237310588970225,0.0297777777777777,5
Amaravati Secretariat Road 6,Amaravati Secretariat,8,2.2266666666666666,14.3041565127068,0.037111111111111,7
Amaravati Secretariat Road 6,Amaravati Secretariat,9,2.09,14.226879594962314,0.0348333333333333,6
Amaravati Secretariat Road 6,Amaravati Secretariat,10,1.26,14.547925995678725,0.0209999999999999,4
Amaravati Secretariat Road 6,Amaravati Secretariat,11,1.96,14.354956401034702,0.0326666666666666,5
Amaravati Secretariat Road 8,Amaravati Secretariat,0,0.9266666666666666,14.733543541978287,0.0154444444444444,6
Amaravati Secretariat Road 8,Amaravati Secretariat,1,1.9966666666666664,14.338059928864162,0.0332777777777777,6
Amaravati Secretariat Road 8,Amaravati Secretariat,2,1.9416666666666669,14.394775527353303,0.032361111111111,5
Amaravati Secretariat Road 8,Amaravati Secretariat,3,1.6033333333333333,14.327833113249683,0.0267222222222221,6
Amaravati Secretariat Road 8,Amaravati Secretariat,4,1.54,14.537081510764168,0.0256666666666666,11
Amaravati Secretariat Road 8,Amaravati Secretariat,5,2.145,14.130745967757129,0.0357499999999999,12
Amaravati Secretariat Road 8,Amaravati Secretariat,6,2.4033333333333333,14.292010282070128,0.0400555555555555,5
Amaravati Secretariat Road 8,Amaravati Secretariat,7,1.975,14.409046689081642,0.0329166666666666,6
Amaravati Secretariat Road 8,Amaravati Secretariat,8,1.27,14.380753073955244,0.0211666666666666,5
Amaravati Secretariat Road 8,Amaravati Secretariat,9,2.333333333333333,14.201436802391612,0.0388888888888888,7
Amaravati Secretariat Road 8,Amaravati Secretariat,10,1.78,14.372051627553022,0.0296666666666666,4
Amaravati Secretariat Road 8,Amaravati Secretariat,11,2.8766666666666665,13.953826458828608,0.0479444444444444,10
Inavolu Junction Road 1,Inavolu Junction,0,2.2383333333333333,12.560829407674566,0.0373055555555555,7
Inavolu Junction Road 1,Inavolu Junction,1,2.035,12.407150533885549,0.0339166666666666,6
Inavolu Junction Road 1,Inavolu Junction,2,3.0116666666666667,10.835772850008455,0.0501944444444444,7
Inavolu Junction Road 1,Inavolu Junction,3,2.828333333333333,11.690084626562545,0.0471388888888888,6
Inavolu Junction Road 1,Inavolu Junction,4,2.006666666666667,12.5744554598667,0.0334444444444444,6
Inavolu Junction Road 1,Inavolu Junction,5,2.305,11.574581264180706,0.0384166666666666,5
Inavolu Junction Road 1,Inavolu Junction,6,2.6666666666666665,12.16877276097876,0.0444444444444444,5
Inavolu Junction Road 1,Inavolu Junction,7,1.97,12.706944384477614,0.0328333333333333,5
Inavolu Junction Road 1,Inavolu Junction,8,3.4766666666666666,10.475226054724674,0.0579444444444444,7
Inavolu Junction Road 1,Inavolu Junction,9,2.765,11.967033448085235,0.0460833333333333,6
Inavolu Junction Road 1,Inavolu Junction,10,2.3916666666666666,12.116983453598309,0.039861111111111,5
Inavolu Junction Road 1,Inavolu Junction,11,2.5966666666666667,11.23497110781214,0.0432777777777777,6
Inavolu Junction Road 3,Inavolu Junction,0,2.708333333333333,11.768832936551204,0.0451388888888888,8
Inavolu Junction Road 3,Inavolu Junction,1,2.8433333333333333,11.28366413900479,0.0473888888888888,8
Inavolu Junction Road 3,Inavolu Junction,2,3.691666666666667,10.261640030867206,0.0615277777777777,10
Inavolu Junction Road 3,Inavolu Junction,3,4.013333333333334,10.129375018029796,0.0668888888888888,7
Inavolu Junction Road 3,Inavolu Junction,4,2.9716666666666667,10.053683620197347,0.0495277777777777,6
Inavolu Junction Road 3,Inavolu Junction,5,4.405,9.864974942079336,0.0734166666666666,14
Inavolu Junction Road 3,Inavolu Junction,6,4.64,10.526504272184546,0.0773333333333333,11
Inavolu Junction Road 3,Inavolu Junction,7,4.363333333333333,9.961708698195794,0.0727222222222221,10
Inavolu Junction Road 3,Inavolu Junction,8,4.446666666666666,9.29450470902026,0.074111111111111,8
Inavolu Junction Road 3,Inavolu Junction,9,4.276666666666666,9.55253314281625,0.0712777777777777,9
Inavolu Junction Road 3,Inavolu Junction,10,4.026666666666666,9.381340951311795,0.067111111111111,10
Inavolu Junction Road 3,Inavolu Junction,11,4.676666666666667,9.4853256653129,0.0779444444444444,11
Inavolu Junction Road 5,Inavolu Junction,0,3.661666666666666,10.855537069626545,0.0610277777777777,12
Inavolu Junction Road 5,Inavolu Junction,1,3.178333333333333,10.475936085772007,0.0529722222222221,7
Inavolu Junction Road 5,Inavolu Junction,2,3.47,11.054989841265192,0.0578333333333333,10
Inavolu Junction Road 5,Inavolu Junction,3,4.4,9.295089462767043,0.0733333333333332,12
Inavolu Junction Road 5,Inavolu Junction,4,4.541666666666667,8.733142910246038,0.0756944444444444,12
Inavolu Junction Road 5,Inavolu Junction,5,4.205,9.81143337575091,0.0700833333333333,10
Inavolu Junction Road 5,Inavolu Junction,6,4.213333333333333,9.87420088393277,0.0702222222222222,11
Inavolu Junction Road 5,Inavolu Junction,7,4.096666666666667,9.895842421307757,0.0682777777777777,9
Inavolu Junction Road 5,Inavolu Junction,8,4.145,10.30470958606589,0.0690833333333333,10
Inavolu Junction Road 5,Inavolu Junction,9,4.023333333333333,9.606241876029488,0.0670555555555555,9
Inavolu Junction Road 5,Inavolu Junction,10,3.951666666666666,10.026630968349282,0.065861111111111,8
Inavolu Junction Road 5,Inavolu Junction,11,4.225,9.398484896801875,0.0704166666666666,11
Inavolu Junction Road 7,Inavolu Junction,0,1.018333333333333,13.967632695672608,0.0169722222222222,4
Inavolu Junction Road 7,Inavolu Junction,1,2.5383333333333336,12.193391778553153,0.0423055555555555,7
Inavolu Junction Road 7,Inavolu Junction,2,1.9666666666666663,12.12136905623956,0.0327777777777777,5
Inavolu Junction Road 7,Inavolu Junction,3,3.3266666666666667,11.056816745113942,0.0554444444444444,9
Inavolu Junction Road 7,Inavolu Junction,4,2.1866666666666665,12.732765614595694,0.0364444444444444,6
Inavolu Junction Road 7,Inavolu Junction,5,2.3183333333333334,11.8914817871262,0.0386388888888888,6
Inavolu Junction Road 7,Inavolu Junction,6,2.305,12.715573600002026,0.0384166666666666,6
Inavolu Junction Road 7,Inavolu Junction,7,2.578333333333333,11.58898669491468,0.0429722222222221,5
Inavolu Junction Road 7,Inavolu Junction,8,3.36,11.019097463529633,0.0559999999999999,7
Inavolu Junction Road 7,Inavolu Junction,9,2.7066666666666666,11.58441585636696,0.045111111111111,6
Inavolu Junction Road 7,Inavolu Junction,10,1.9266666666666667,12.48623793373767,0.032111111111111,5
Inavolu Junction Road 7,Inavolu Junction,11,2.785,11.32160638144142,0.0464166666666666,5
Inavolu Junction Road 9,Inavolu Junction,0,1.8283333333333331,13.27349623702516,0.0304722222222222,6
Inavolu Junction Road 9,Inavolu Junction,1,2.465,11.943998766278003,0.0410833333333332,6
Inavolu Junction Road 9,Inavolu Junction,2,2.7583333333333333,11.629136442756906,0.0459722222222221,5
Inavolu Junction Road 9,Inavolu Junction,3,2.098333333333333,12.083728683813945,0.0349722222222221,5
Inavolu Junction Road 9,Inavolu Junction,4,3.0016666666666665,12.137130937245155,0.0500277777777777,11
Inavolu Junction Road 9,Inavolu Junction,5,2.295,11.321615597033269,0.0382499999999999,5
Inavolu Junction Road 9,Inavolu Junction,6,3.651666666666667,10.656936461173336,0.060861111111111,6
Inavolu Junction Road 9,Inavolu Junction,7,2.515,12.016635034041276,0.0419166666666666,6
Inavolu Junction Road 9,Inavolu Junction,8,2.165,12.242693164375764,0.0360833333333333,5
Inavolu Junction Road 9,Inavolu Junction,9,3.355,11.21901259679506,0.0559166666666666,7
Inavolu Junction Road 9,Inavolu Junction,10,2.3916666666666666,11.808287047921086,0.039861111111111,4
Inavolu Junction Road 9,Inavolu Junction,11,4.541666666666667,10.287483499790842,0.0756944444444444,10
Tadepalli Riverfront Road 1,Tadepalli Riverfront,0,1.37,14.59952928013501,0.0228333333333333,5
Tadepalli Riverfront Road 1,Tadepalli Riverfront,1,3.5683333333333334,14.112150685478206,0.0594722222222221,9
Tadepalli Riverfront Road 1,Tadepalli Riverfront,2,2.3866666666666667,14.203329732650657,0.0397777777777777,8
Tadepalli Riverfront Road 1,Tadepalli Riverfront,3,3.638333333333333,13.966331065653222,0.0606388888888888,12
Tadepalli Riverfront Road 1,Tadepalli Riverfront,4,2.958333333333333,14.155892320452464,0.0493055555555555,8
Tadepalli Riverfront Road 1,Tadepalli Riverfront,5,3.4266666666666667,14.062650431622956,0.057111111111111,8
Tadepalli Riverfront Road 1,Tadepalli Riverfront,6,4.195,13.765371194744466,0.0699166666666666,10
Tadepalli Riverfront Road 1,Tadepalli Riverfront,7,3.4633333333333334,13.955916823825088,0.0577222222222221,15
Tadepalli Riverfront Road 1,Tadepalli Riverfront,8,3.828333333333333,13.829005215004996,0.0638055555555555,10
Tadepalli Riverfront Road 1,Tadepalli Riverfront,9,2.881666666666667,14.19596748139421,0.0480277777777777,8
Tadepalli Riverfront Road 1,Tadepalli Riverfront,10,3.388333333333333,14.021086627434697,0.0564722222222221,11
Tadepalli Riverfront Road 1,Tadepalli Riverfront,11,3.228333333333333,14.109663456449358,0.0538055555555555,8
Tadepalli Riverfront Road 3,Tadepalli Riverfront,0,1.2866666666666666,14.660435179578926,0.0214444444444444,6
Tadepalli Riverfront Road 3,Tadepalli Riverfront,1,4.1883333333333335,13.726539841811585,0.0698055555555555,15
Tadepalli Riverfront Road 3,Tadepalli Riverfront,2,2.76,14.211801539333104,0.0459999999999999,9
Tadepalli Riverfront Road 3,Tadepalli Riverfront,3,3.0866666666666664,14.033976337054844,0.0514444444444444,9
Tadepalli Riverfront Road 3,Tadepalli Riverfront,4,2.775,14.218132830269193,0.0462499999999999,10
Tadepalli Riverfront Road 3,Tadepalli Riverfront,5,3.066666666666667,13.914729151435168,0.051111111111111,12
Tadepalli Riverfront Road 3,Tadepalli Riverfront,6,3.685,14.065394024538255,0.0614166666666666,8
Tadepalli Riverfront Road 3,Tadepalli Riverfront,7,3.418333333333333,13.868940744358545,0.0569722222222221,11
Tadepalli Riverfront Road 3,Tadepalli Riverfront,8,2.24,14.373228992702922,0.0373333333333333,6
Tadepalli Riverfront Road 3,Tadepalli Riverfront,9,3.5116666666666667,13.97989086191468,0.0585277777777777,11
Tadepalli Riverfront Road 3,Tadepalli Riverfront,10,4.6866666666666665,13.88408632363906,0.078111111111111,13
Tadepalli Riverfront Road 3,Tadepalli Riverfront,11,3.2533333333333334,14.117794792583869,0.0542222222222221,7
Tadepalli Riverfront Road 5,Tadepalli Riverfront,0,2.583333333333333,11.88829324706894,0.0430555555555555,9
Tadepalli Riverfront Road 5,Tadepalli Riverfront,1,3.4766666666666666,11.672076520539944,0.0579444444444444,9
Tadepalli Riverfront Road 5,Tadepalli Riverfront,2,2.54,11.459314013206107,0.0423333333333332,7
Tadepalli Riverfront Road 5,Tadepalli Riverfront,3,3.0716666666666668,11.61587372954888,0.0511944444444444,7
Tadepalli Riverfront Road 5,Tadepalli Riverfront,4,2.276666666666667,12.626716439021555,0.0379444444444444,7
Tadepalli Riverfront Road 5,Tadepalli Riverfront,5,2.34,12.465687874744862,0.0389999999999999,7
Tadepalli Riverfront Road 5,Tadepalli Riverfront,6,2.2983333333333333,11.755223090086226,0.0383055555555555,5
Tadepalli Riverfront Road 5,Tadepalli Riverfront,7,2.648333333333333,12.000347805973789,0.0441388888888888,8
Tadepalli Riverfront Road 5,Tadepalli Riverfront,8,2.7316666666666665,11.768833280280855,0.0455277777777777,8
Tadepalli Riverfront Road 5,Tadepalli Riverfront,9,3.545,11.582607820410445,0.0590833333333333,10
Tadepalli Riverfront Road 5,Tadepalli Riverfront,10,3.1666666666666665,11.453218174536817,0.0527777777777777,9
Tadepalli Riverfront Road 5,Tadepalli Riverfront,11,2.945,11.604191353834809,0.0490833333333333,9
Tadepalli Riverfront Road 7,Tadepalli Riverfront,0,3.303333333333333,11.596861645001743,0.0550555555555555,8
Tadepalli Riverfront Road 7,Tadepalli Riverfront,1,2.638333333333333,12.19054793496464,0.0439722222222222,7
Tadepalli Riverfront Road 7,Tadepalli Riverfront,2,3.03,12.341784635402435,0.0504999999999999,8
Tadepalli Riverfront Road 7,Tadepalli Riverfront,3,2.381666666666667,13.08753513216837,0.0396944444444444,8
Tadepalli Riverfront Road 7,Tadepalli Riverfront,4,3.665,11.429461083350857,0.0610833333333332,12
Tadepalli Riverfront Road 7,Tadepalli Riverfront,5,2.2716666666666665,12.555715662967788,0.037861111111111,8
Tadepalli Riverfront Road 7,Tadepalli Riverfront,6,2.276666666666667,12.300847398437105,0.0379444444444444,6
Tadepalli Riverfront Road 7,Tadepalli Riverfront,7,2.431666666666666,12.173869561096788,0.0405277777777777,6
Tadepalli Riverfront Road 7,Tadepalli Riverfront,8,3.756666666666667,10.960213059217786,0.062611111111111,14
Tadepalli Riverfront Road 7,Tadepalli Riverfront,9,1.415,12.062909773079204,0.0235833333333332,3
Tadepalli Riverfront Road 7,Tadepalli Riverfront,10,2.1366666666666667,12.130790398376208,0.035611111111111,7
Tadepalli Riverfront Road 7,Tadepalli Riverfront,11,2.33,12.797156762963883,0.0388333333333332,7
Tadepalli Riverfront Road 9,Tadepalli Riverfront,0,1.2566666666666666,14.704682664874936,0.0209444444444444,5
Tadepalli Riverfront Road 9,Tadepalli Riverfront,1,2.835,14.112089080192442,0.0472499999999999,7
Tadepalli Riverfront Road 9,Tadepalli Riverfront,2,2.8583333333333334,14.06535893351202,0.0476388888888888,8
Tadepalli Riverfront Road 9,Tadepalli Riverfront,3,3.3466666666666667,13.968223946415836,0.0557777777777777,10
Tadepalli Riverfront Road 9,Tadepalli Riverfront,4,3.3366666666666664,14.184383453487774,0.055611111111111,10
Tadepalli Riverfront Road 9,Tadepalli Riverfront,5,3.2116666666666664,14.11048271794026,0.0535277777777777,8
Tadepalli Riverfront Road 9,Tadepalli Riverfront,6,2.64,14.035602461522018,0.0439999999999999,7
Tadepalli Riverfront Road 9,Tadepalli Riverfront,7,3.19,13.985953396504463,0.0531666666666666,11
Tadepalli Riverfront Road 9,Tadepalli Riverfront,8,3.296666666666667,14.100287581427557,0.0549444444444444,11
Tadepalli Riverfront Road 9,Tadepalli Riverfront,9,3.398333333333333,14.004079716761536,0.0566388888888888,11
Tadepalli Riverfront Road 9,Tadepalli Riverfront,10,3.798333333333333,14.059385296025257,0.0633055555555555,9
Tadepalli Riverfront Road 9,Tadepalli Riverfront,11,3.695,13.99753627706146,0.0615833333333333,17
